{
  "project_info": {
    "project_number": "639204248099",
    "firebase_url": "https://naturespot-69707.firebaseio.com",
    "project_id": "naturespot-69707",
    "storage_bucket": "naturespot-69707.appspot.com"
  },
  "client": [
    {
      "client_info": {
        "mobilesdk_app_id": "1:639204248099:android:fc5923a57d51a3d8",
        "android_client_info": {
          "package_name": "ua.pt.naturespot"
        }
      },
      "oauth_client": [
        {
          "client_id": "639204248099-l78tp20qicqa8ln8qa009jjui27vkosd.apps.googleusercontent.com",
          "client_type": 3
        }
      ],
      "api_key": [
        {
          "current_key": "AIzaSyCSvzNz1UG1Zjq9WhYVSX7cJU4j5WtsKhc"
        }
      ],
      "services": {
        "analytics_service": {
          "status": 1
        },
        "appinvite_service": {
          "status": 1,
          "other_platform_oauth_client": []
        },
        "ads_service": {
          "status": 2
        }
      }
    }
  ],
  "configuration_version": "1"
}